{
  "tickets_fetched": 19000,
  "total_expected": 19257,
  "api_calls": 190,
  "elapsed_seconds": 266.865002,
  "timestamp": "2025-08-27T19:21:41.052347"
}