{
  "tickets_fetched": 29192,
  "total_expected": 29192,
  "api_calls": 30,
  "elapsed_seconds": 98.364704,
  "timestamp": "2025-08-27T19:27:31.939673"
}